Index,ADC_raw
0,2
1,7
2,15
3,8
4,8
5,14
6,14
7,18
8,20
9,25
10,24
11,25
12,27
13,30
14,37
15,34
16,38
17,44
18,41
19,41
20,49
21,50
22,54
23,57
24,58
25,54
26,59
27,62
28,58
29,70
30,71
31,74
32,80
33,78
34,83
35,88
36,84
37,88
38,93
39,94
40,102
41,98
42,102
43,102
44,104
45,106
46,114
47,113
48,120
49,120
50,123
51,127
52,131
53,130
54,132
55,135
56,140
57,140
58,143
59,143
60,151
61,149
62,157
63,154
64,159
65,163
66,164
67,163
68,166
69,172
70,173
71,182
72,189
73,185
74,185
75,189
76,193
77,194
78,196
79,203
80,200
81,203
82,206
83,211
84,211
85,213
86,216
87,225
88,222
89,231
90,228
91,236
92,236
93,239
94,237
95,245
96,248
97,246
98,256
99,254
100,259
101,262
102,265
103,266
104,272
105,274
106,276
107,273
108,284
109,286
110,283
111,288
112,294
113,297
114,295
115,302
116,305
117,308
118,311
119,312
120,320
121,325
122,320
123,324
124,328
125,333
126,333
127,340
128,340
129,338
130,345
131,353
132,353
133,356
134,362
135,356
136,360
137,373
138,370
139,374
140,378
141,376
142,382
143,387
144,386
145,392
146,399
147,397
148,400
149,404
150,409
151,410
152,413
153,414
154,422
155,422
156,428
157,433
158,431
159,431
160,440
161,436
162,443
163,445
164,449
165,451
166,457
167,454
168,462
169,462
170,469
171,469
172,472
173,473
174,480
175,480
176,487
177,486
178,493
179,491
180,493
181,498
182,503
183,509
184,512
185,513
186,517
187,523
188,516
189,526
190,525
191,528
192,534
193,541
194,543
195,546
196,545
197,548
198,557
199,555
200,557
201,564
202,563
203,567
204,570
205,573
206,576
207,580
208,578
209,585
210,589
211,590
212,593
213,598
214,600
215,606
216,605
217,608
218,609
219,614
220,617
221,619
222,617
223,629
224,627
225,633
226,637
227,638
228,640
229,641
230,644
231,649
232,649
233,653
234,657
235,658
236,661
237,665
238,670
239,670
240,674
241,676
242,679
243,681
244,684
245,684
246,688
247,693
248,695
249,695
250,701
251,706
252,707
253,707
254,708
255,713
256,714
257,717
258,726
259,726
260,728
261,730
262,732
263,731
264,738
265,744
266,743
267,744
268,748
269,748
270,752
271,756
272,759
273,764
274,764
275,768
276,769
277,768
278,770
279,772
280,778
281,779
282,790
283,787
284,788
285,792
286,793
287,798
288,797
289,800
290,802
291,804
292,809
293,808
294,813
295,818
296,816
297,822
298,825
299,826
300,828
301,825
302,831
303,836
304,837
305,841
306,841
307,846
308,849
309,848
310,853
311,852
312,859
313,856
314,862
315,863
316,865
317,868
318,871
319,873
320,871
321,876
322,874
323,881
324,882
325,886
326,886
327,882
328,890
329,893
330,898
331,900
332,903
333,903
334,903
335,905
336,906
337,910
338,911
339,917
340,917
341,919
342,924
343,922
344,923
345,931
346,930
347,930
348,929
349,933
350,933
351,937
352,936
353,940
354,944
355,947
356,945
357,950
358,949
359,953
360,954
361,955
362,956
363,961
364,962
365,964
366,963
367,962
368,969
369,970
370,976
371,972
372,974
373,976
374,974
375,971
376,976
377,983
378,983
379,982
380,990
381,990
382,996
383,989
384,990
385,992
386,995
387,997
388,994
389,999
390,1005
391,1000
392,1009
393,1005
394,1006
395,1005
396,1007
397,1008
398,1013
399,1010
400,1010
401,1017
402,1014
403,1017
404,1016
405,1017
406,1019
407,1022
408,1018
409,1024
410,1025
411,1025
412,1022
413,1031
414,1027
415,1034
416,1035
417,1034
418,1035
419,1033
420,1037
421,1042
422,1044
423,1044
424,1037
425,1044
426,1040
427,1040
428,1044
429,1044
430,1045
431,1044
432,1050
433,1046
434,1050
435,1049
436,1051
437,1049
438,1053
439,1054
440,1055
441,1053
442,1049
443,1057
444,1057
445,1058
446,1054
447,1057
448,1058
449,1058
450,1059
451,1051
452,1058
453,1065
454,1060
455,1061
456,1060
457,1060
458,1064
459,1063
460,1063
461,1067
462,1066
463,1065
464,1066
465,1065
466,1065
467,1062
468,1064
469,1066
470,1066
471,1069
472,1066
473,1071
474,1066
475,1067
476,1064
477,1064
478,1072
479,1069
480,1068
481,1069
482,1065
483,1068
484,1069
485,1066
486,1068
487,1069
488,1069
489,1064
490,1067
491,1069
492,1069
493,1069
494,1070
495,1067
496,1068
497,1070
498,1075
499,1068
500,1068
501,1067
502,1066
503,1068
504,1067
505,1066
506,1069
507,1069
508,1069
509,1071
510,1061
511,1065
512,1065
513,1065
514,1068
515,1066
516,1053
517,1062
518,1064
519,1066
520,1065
521,1062
522,1062
523,1064
524,1065
525,1059
526,1060
527,1064
528,1063
529,1063
530,1060
531,1061
532,1063
533,1056
534,1056
535,1060
536,1054
537,1057
538,1056
539,1054
540,1053
541,1052
542,1051
543,1051
544,1050
545,1048
546,1050
547,1048
548,1043
549,1043
550,1046
551,1048
552,1045
553,1043
554,1043
555,1042
556,1044
557,1039
558,1040
559,1038
560,1039
561,1035
562,1040
563,1036
564,1033
565,1032
566,1034
567,1026
568,1034
569,1027
570,1028
571,1026
572,1025
573,1025
574,1024
575,1025
576,1024
577,1021
578,1024
579,1025
580,1017
581,1017
582,1015
583,1012
584,1014
585,1018
586,1006
587,1014
588,1010
589,1005
590,1009
591,1003
592,1000
593,1002
594,1004
595,996
596,1001
597,1002
598,999
599,996
600,997
601,994
602,991
603,986
604,988
605,989
606,984
607,986
608,987
609,980
610,981
611,983
612,980
613,977
614,980
615,975
616,976
617,974
618,977
619,969
620,968
621,963
622,970
623,962
624,964
625,961
626,962
627,961
628,960
629,958
630,956
631,954
632,952
633,946
634,944
635,946
636,943
637,946
638,945
639,943
640,941
641,935
642,935
643,936
644,930
645,935
646,929
647,929
648,928
649,919
650,923
651,924
652,921
653,921
654,919
655,918
656,919
657,912
658,911
659,911
660,909
661,907
662,909
663,903
664,901
665,902
666,901
667,898
668,894
669,897
670,893
671,893
672,889
673,887
674,886
675,887
676,880
677,882
678,874
679,877
680,873
681,875
682,871
683,866
684,872
685,868
686,863
687,859
688,865
689,860
690,863
691,858
692,856
693,855
694,853
695,851
696,853
697,845
698,848
699,842
700,845
701,842
702,839
703,839
704,837
705,835
706,836
707,831
708,826
709,826
710,826
711,824
712,820
713,821
714,816
715,818
716,817
717,814
718,810
719,817
720,813
721,808
722,806
723,804
724,803
725,795
726,800
727,800
728,797
729,797
730,796
731,793
732,791
733,785
734,788
735,785
736,784
737,779
738,782
739,780
740,778
741,776
742,775
743,776
744,772
745,764
746,767
747,769
748,767
749,765
750,762
751,761
752,759
753,759
754,756
755,754
756,755
757,746
758,753
759,751
760,743
761,745
762,745
763,744
764,742
765,744
766,738
767,737
768,738
769,735
770,731
771,733
772,730
773,728
774,728
775,724
776,726
777,722
778,716
779,724
780,719
781,717
782,717
783,714
784,716
785,709
786,710
787,708
788,705
789,705
790,707
791,703
792,704
793,698
794,706
795,695
796,691
797,690
798,691
799,693
800,694
801,688
802,688
803,686
804,686
805,684
806,678
807,682
808,674
809,682
810,677
811,681
812,676
813,674
814,676
815,672
816,671
817,665
818,668
819,666
820,667
821,666
822,663
823,660
824,658
825,662
826,656
827,662
828,658
829,653
830,652
831,655
832,656
833,650
834,649
835,653
836,652
837,648
838,646
839,649
840,642
841,646
842,637
843,639
844,641
845,638
846,638
847,633
848,633
849,633
850,637
851,635
852,633
853,634
854,635
855,635
856,630
857,630
858,627
859,627
860,628
861,624
862,621
863,628
864,624
865,617
866,619
867,622
868,620
869,623
870,620
871,621
872,610
873,618
874,614
875,615
876,616
877,612
878,609
879,615
880,613
881,614
882,612
883,605
884,608
885,609
886,606
887,609
888,601
889,615
890,608
891,610
892,605
893,604
894,610
895,605
896,603
897,603
898,606
899,599
900,599
901,604
902,603
903,596
904,602
905,600
906,600
907,601
908,602
909,602
910,600
911,599
912,600
913,598
914,601
915,598
916,596
917,598
918,599
919,606
920,594
921,597
922,600
923,595
924,595
925,602
926,596
927,596
928,597
929,603
930,593
931,599
932,602
933,594
934,595
935,599
936,597
937,597
938,599
939,600
940,597
941,602
942,598
943,602
944,599
945,607
946,599
947,601
948,602
949,603
950,604
951,600
952,602
953,600
954,599
955,601
956,601
957,602
958,603
959,598
960,604
961,603
962,609
963,603
964,606
965,604
966,606
967,604
968,601
969,605
970,606
971,610
972,602
973,607
974,608
975,609
976,611
977,611
978,616
979,613
980,614
981,617
982,616
983,614
984,620
985,616
986,619
987,620
988,615
989,619
990,620
991,617
992,622
993,627
994,625
995,623
996,629
997,630
998,624
999,625
1000,629
1001,625
1002,632
1003,627
1004,635
1005,632
1006,635
1007,630
1008,635
1009,636
1010,628
1011,634
1012,638
1013,641
1014,640
1015,640
1016,643
1017,648
1018,646
1019,644
1020,652
1021,650
1022,651
1023,647
1024,656
1025,654
1026,653
1027,659
1028,656
1029,658
1030,661
1031,661
1032,660
1033,664
1034,664
1035,664
1036,669
1037,668
1038,671
1039,674
1040,672
1041,673
1042,672
1043,675
1044,675
1045,677
1046,675
1047,681
1048,682
1049,690
1050,681
1051,686
1052,685
1053,692
1054,692
1055,689
1056,692
1057,691
1058,697
1059,698
1060,700
1061,702
1062,706
1063,705
1064,700
1065,714
1066,708
1067,710
1068,715
1069,714
1070,716
1071,716
1072,713
1073,719
1074,719
1075,723
1076,723
1077,721
1078,726
1079,731
1080,730
1081,733
1082,735
1083,729
1084,742
1085,737
1086,741
1087,738
1088,748
1089,741
1090,750
1091,744
1092,754
1093,753
1094,748
1095,759
1096,761
1097,760
1098,762
1099,765
1100,767
1101,767
1102,776
1103,771
1104,770
1105,774
1106,780
1107,780
1108,782
1109,785
1110,784
1111,787
1112,788
1113,790
1114,791
1115,790
1116,797
1117,798
1118,800
1119,804
1120,806
1121,806
1122,805
1123,807
1124,806
1125,808
1126,819
1127,821
1128,820
1129,821
1130,825
1131,827
1132,826
1133,829
1134,830
1135,832
1136,837
1137,840
1138,839
1139,843
1140,845
1141,850
1142,849
1143,849
1144,850
1145,852
1146,851
1147,859
1148,860
1149,868
1150,864
1151,866
1152,866
1153,871
1154,870
1155,876
1156,874
1157,880
1158,878
1159,884
1160,884
1161,896
1162,888
1163,889
1164,892
1165,899
1166,902
1167,899
1168,904
1169,908
1170,905
1171,910
1172,910
1173,911
1174,911
1175,919
1176,919
1177,920
1178,924
1179,924
1180,928
1181,925
1182,933
1183,935
1184,933
1185,939
1186,940
1187,943
1188,948
1189,951
1190,949
1191,952
1192,954
1193,955
1194,954
1195,960
1196,964
1197,964
1198,968
1199,972
1200,972
1201,974
1202,977
1203,976
1204,981
1205,983
1206,986
1207,991
1208,989
1209,992
1210,991
1211,992
1212,997
1213,998
1214,1001
1215,1002
1216,1005
1217,1008
1218,1010
1219,1007
1220,1016
1221,1015
1222,1019
1223,1018
1224,1022
1225,1026
1226,1028
1227,1027
1228,1030
1229,1033
1230,1034
1231,1036
1232,1040
1233,1036
1234,1042
1235,1044
1236,1045
1237,1043
1238,1048
1239,1051
1240,1054
1241,1056
1242,1057
1243,1057
1244,1062
1245,1063
1246,1066
1247,1066
1248,1071
1249,1067
1250,1077
1251,1075
1252,1079
1253,1079
1254,1081
1255,1082
1256,1085
1257,1088
1258,1089
1259,1090
1260,1091
1261,1090
1262,1094
1263,1098
1264,1097
1265,1098
1266,1104
1267,1107
1268,1106
1269,1110
1270,1112
1271,1114
1272,1115
1273,1118
1274,1119
1275,1125
1276,1118
1277,1121
1278,1125
1279,1130
1280,1130
1281,1133
1282,1133
1283,1131
1284,1136
1285,1136
1286,1137
1287,1143
1288,1147
1289,1146
1290,1144
1291,1149
1292,1148
1293,1150
1294,1154
1295,1149
1296,1159
1297,1160
1298,1163
1299,1160
1300,1164
1301,1168
1302,1167
1303,1166
1304,1172
1305,1175
1306,1176
1307,1180
1308,1178
1309,1175
1310,1182
1311,1183
1312,1181
1313,1190
1314,1186
1315,1189
1316,1190
1317,1195
1318,1194
1319,1195
1320,1199
1321,1194
1322,1201
1323,1200
1324,1204
1325,1212
1326,1207
1327,1214
1328,1214
1329,1212
1330,1211
1331,1215
1332,1216
1333,1218
1334,1215
1335,1222
1336,1225
1337,1220
1338,1223
1339,1229
1340,1231
1341,1231
1342,1234
1343,1228
1344,1228
1345,1236
1346,1235
1347,1236
1348,1237
1349,1243
1350,1240
1351,1241
1352,1244
1353,1243
1354,1244
1355,1246
1356,1244
1357,1246
1358,1249
1359,1252
1360,1251
1361,1253
1362,1259
1363,1256
1364,1253
1365,1255
1366,1261
1367,1259
1368,1269
1369,1263
1370,1263
1371,1265
1372,1265
1373,1269
1374,1266
1375,1268
1376,1269
1377,1265
1378,1270
1379,1274
1380,1271
1381,1273
1382,1272
1383,1278
1384,1280
1385,1275
1386,1278
1387,1278
1388,1281
1389,1280
1390,1282
1391,1282
1392,1282
1393,1283
1394,1281
1395,1288
1396,1289
1397,1284
1398,1291
1399,1290
1400,1286
1401,1295
1402,1294
1403,1292
1404,1288
1405,1285
1406,1290
1407,1296
1408,1294
1409,1295
1410,1292
1411,1301
1412,1291
1413,1301
1414,1294
1415,1297
1416,1298
1417,1303
1418,1297
1419,1298
1420,1299
1421,1302
1422,1298
1423,1301
1424,1301
1425,1306
1426,1303
1427,1301
1428,1300
1429,1304
1430,1305
1431,1304
1432,1306
1433,1310
1434,1304
1435,1305
1436,1308
1437,1304
1438,1309
1439,1308
1440,1310
1441,1302
1442,1312
1443,1306
1444,1308
1445,1302
1446,1306
1447,1307
1448,1307
1449,1305
1450,1309
1451,1304
1452,1306
1453,1307
1454,1306
1455,1305
1456,1307
1457,1307
1458,1309
1459,1304
1460,1307
1461,1306
1462,1309
1463,1307
1464,1305
1465,1308
1466,1308
1467,1305
1468,1302
1469,1306
1470,1304
1471,1306
1472,1304
1473,1305
1474,1305
1475,1307
1476,1305
1477,1299
1478,1302
1479,1304
1480,1303
1481,1300
1482,1300
1483,1301
1484,1296
1485,1298
1486,1299
1487,1299
1488,1297
1489,1298
1490,1298
1491,1299
1492,1299
1493,1296
1494,1296
1495,1297
1496,1295
1497,1290
1498,1295
1499,1296
1500,1294
1501,1292
1502,1290
1503,1290
1504,1289
1505,1292
1506,1289
1507,1288
1508,1292
1509,1288
1510,1290
1511,1283
1512,1293
1513,1285
1514,1284
1515,1279
1516,1281
1517,1282
1518,1276
1519,1281
1520,1281
1521,1279
1522,1280
1523,1280
1524,1274
1525,1276
1526,1267
1527,1275
1528,1274
1529,1271
1530,1273
1531,1265
1532,1264
1533,1273
1534,1266
1535,1261
1536,1268
1537,1263
1538,1263
1539,1261
1540,1259
1541,1258
1542,1257
1543,1257
1544,1258
1545,1253
1546,1249
1547,1254
1548,1250
1549,1247
1550,1251
1551,1246
1552,1248
1553,1247
1554,1245
1555,1241
1556,1241
1557,1243
1558,1241
1559,1238
1560,1235
1561,1233
1562,1234
1563,1233
1564,1231
1565,1228
1566,1233
1567,1225
1568,1232
1569,1225
1570,1226
1571,1219
1572,1227
1573,1220
1574,1214
1575,1217
1576,1212
1577,1215
1578,1217
1579,1211
1580,1213
1581,1205
1582,1203
1583,1205
1584,1202
1585,1206
1586,1202
1587,1200
1588,1197
1589,1198
1590,1200
1591,1194
1592,1192
1593,1186
1594,1188
1595,1190
1596,1182
1597,1184
1598,1188
1599,1180
1600,1184
1601,1175
1602,1176
1603,1178
1604,1177
1605,1172
1606,1170
1607,1166
1608,1166
1609,1166
1610,1160
1611,1161
1612,1157
1613,1160
1614,1161
1615,1154
1616,1152
1617,1149
1618,1147
1619,1148
1620,1147
1621,1147
1622,1145
1623,1134
1624,1139
1625,1139
1626,1136
1627,1135
1628,1136
1629,1129
1630,1126
1631,1126
1632,1128
1633,1124
1634,1119
1635,1118
1636,1114
1637,1116
1638,1113
1639,1113
1640,1111
1641,1104
1642,1112
1643,1104
1644,1103
1645,1104
1646,1098
1647,1101
1648,1097
1649,1091
1650,1091
1651,1087
1652,1091
1653,1085
1654,1085
1655,1082
1656,1082
1657,1074
1658,1080
1659,1075
1660,1070
1661,1074
1662,1069
1663,1063
1664,1067
1665,1058
1666,1061
1667,1061
1668,1058
1669,1056
1670,1052
1671,1054
1672,1049
1673,1051
1674,1048
1675,1041
1676,1043
1677,1037
1678,1038
1679,1034
1680,1032
1681,1033
1682,1025
1683,1025
1684,1026
1685,1024
1686,1028
1687,1025
1688,1017
1689,1016
1690,1013
1691,1007
1692,1008
1693,1009
1694,1005
1695,1005
1696,1001
1697,997
1698,993
1699,991
1700,989
1701,991
1702,988
1703,989
1704,987
1705,986
1706,978
1707,980
1708,970
1709,977
1710,977
1711,974
1712,971
1713,969
1714,967
1715,965
1716,964
1717,963
1718,957
1719,961
1720,951
1721,952
1722,953
1723,952
1724,947
1725,941
1726,943
1727,941
1728,938
1729,937
1730,935
1731,933
1732,931
1733,929
1734,928
1735,925
1736,925
1737,923
1738,917
1739,921
1740,914
1741,913
1742,914
1743,916
1744,911
1745,912
1746,903
1747,902
1748,900
1749,898
1750,904
1751,896
1752,894
1753,890
1754,894
1755,888
1756,889
1757,887
1758,885
1759,883
1760,885
1761,878
1762,879
1763,874
1764,877
1765,873
1766,867
1767,870
1768,868
1769,865
1770,868
1771,861
1772,862
1773,853
1774,856
1775,856
1776,859
1777,855
1778,851
1779,848
1780,849
1781,843
1782,843
1783,843
1784,840
1785,844
1786,837
1787,832
1788,831
1789,832
1790,831
1791,830
1792,827
1793,826
1794,826
1795,826
1796,821
1797,818
1798,823
1799,814
1800,814
1801,815
1802,813
1803,810
1804,807
1805,810
1806,806
1807,805
1808,795
1809,799
1810,800
1811,802
1812,800
1813,795
1814,790
1815,791
1816,791
1817,781
1818,788
1819,788
1820,786
1821,780
1822,782
1823,780
1824,781
1825,777
1826,776
1827,774
1828,772
1829,775
1830,776
1831,769
1832,763
1833,768
1834,766
1835,762
1836,762
1837,763
1838,758
1839,764
1840,756
1841,757
1842,756
1843,758
1844,757
1845,750
1846,751
1847,751
1848,748
1849,746
1850,747
1851,746
1852,744
1853,744
1854,739
1855,737
1856,740
1857,740
1858,740
1859,739
1860,736
1861,736
1862,736
1863,732
1864,732
1865,729
1866,731
1867,731
1868,724
1869,727
1870,731
1871,727
1872,725
1873,725
1874,725
1875,721
1876,723
1877,717
1878,720
1879,719
1880,719
1881,716
1882,715
1883,716
1884,713
1885,714
1886,711
1887,709
1888,712
1889,709
1890,714
1891,705
1892,711
1893,710
1894,703
1895,705
1896,707
1897,702
1898,705
1899,707
1900,703
1901,704
1902,703
1903,699
1904,700
1905,700
1906,694
1907,697
1908,695
1909,699
1910,700
1911,701
1912,701
1913,696
1914,694
1915,694
1916,693
1917,697
1918,696
1919,696
1920,697
1921,698
1922,691
1923,695
1924,698
1925,691
1926,693
1927,694
1928,696
1929,688
1930,696
1931,692
1932,692
1933,690
1934,693
1935,693
1936,696
1937,696
1938,697
1939,689
1940,695
1941,692
1942,691
1943,691
1944,686
1945,689
1946,693
1947,690
1948,691
1949,693
1950,694
1951,690
1952,695
1953,694
1954,690
1955,692
1956,691
1957,691
1958,691
1959,694
1960,683
1961,698
1962,698
1963,694
1964,699
1965,697
1966,695
1967,695
1968,695
1969,698
1970,690
1971,699
1972,695
1973,701
1974,701
1975,701
1976,699
1977,695
1978,698
1979,702
1980,701
1981,701
1982,697
1983,696
1984,699
1985,704
1986,707
1987,700
1988,704
1989,706
1990,706
1991,705
1992,710
1993,704
1994,707
1995,704
1996,706
1997,709
1998,712
1999,706
2000,713
2001,714
2002,711
2003,713
2004,719
2005,720
2006,714
2007,716
2008,711
2009,712
2010,720
2011,720
2012,718
2013,724
2014,720
2015,720
2016,725
2017,728
2018,726
2019,727
2020,728
2021,728
2022,729
2023,729
2024,727
2025,732
2026,732
2027,736
2028,735
2029,738
2030,732
2031,736
2032,743
2033,742
2034,740
2035,742
2036,743
2037,750
2038,744
2039,750
2040,748
2041,748
2042,750
2043,752
2044,753
2045,754
2046,754
2047,755
2048,752
2049,758
2050,763
2051,760
2052,762
2053,763
2054,766
2055,766
2056,770
2057,767
2058,774
2059,772
2060,770
2061,774
2062,780
2063,777
2064,778
2065,780
2066,777
2067,781
2068,784
2069,785
2070,788
2071,790
2072,791
2073,789
2074,792
2075,794
2076,797
2077,800
2078,795
2079,801
2080,803
2081,804
2082,803
2083,807
2084,807
2085,813
2086,813
2087,814
2088,813
2089,814
2090,820
2091,818
2092,820
2093,819
2094,825
2095,829
2096,827
2097,827
2098,831
2099,836
2100,835
2101,830
2102,840
2103,841
2104,844
2105,844
2106,844
2107,845
2108,843
2109,854
2110,856
2111,853
2112,859
2113,857
2114,861
2115,859
2116,862
2117,866
2118,868
2119,867
2120,874
2121,868
2122,871
2123,874
2124,877
2125,878
2126,882
2127,878
2128,885
2129,885
2130,889
2131,889
2132,892
2133,891
2134,899
2135,897
2136,896
2137,899
2138,905
2139,904
2140,907
2141,912
2142,909
2143,910
2144,913
2145,916
2146,917
2147,922
2148,924
2149,925
2150,929
2151,932
2152,925
2153,933
2154,934
2155,926
2156,936
2157,946
2158,939
2159,944
2160,945
2161,947
2162,950
2163,955
2164,953
2165,958
2166,958
2167,961
2168,963
2169,961
2170,967
2171,968
2172,970
2173,972
2174,976
2175,976
2176,978
2177,980
2178,976
2179,984
2180,987
2181,984
2182,990
2183,992
2184,995
2185,998
2186,999
2187,1001
2188,1001
2189,1006
2190,1006
2191,1009
2192,1011
2193,1014
2194,1013
2195,1017
2196,1018
2197,1017
2198,1026
2199,1024
2200,1027
2201,1033
2202,1034
2203,1033
2204,1036
2205,1037
2206,1042
2207,1039
2208,1044
2209,1042
2210,1047
2211,1049
2212,1054
2213,1053
2214,1057
2215,1061
2216,1058
2217,1060
2218,1064
2219,1068
2220,1065
2221,1072
2222,1073
2223,1075
2224,1074
2225,1076
2226,1079
2227,1079
2228,1084
2229,1085
2230,1081
2231,1093
2232,1092
2233,1091
2234,1093
2235,1095
2236,1096
2237,1099
2238,1105
2239,1105
2240,1104
2241,1111
2242,1111
2243,1108
2244,1114
2245,1115
2246,1115
2247,1115
2248,1120
2249,1122
2250,1128
2251,1121
2252,1127
2253,1129
2254,1133
2255,1131
2256,1134
2257,1136
2258,1141
2259,1140
2260,1143
2261,1148
2262,1147
2263,1146
2264,1156
2265,1156
2266,1152
2267,1154
2268,1157
2269,1160
2270,1162
2271,1163
2272,1165
2273,1169
2274,1172
2275,1162
2276,1170
2277,1173
2278,1174
2279,1176
2280,1177
2281,1179
2282,1184
2283,1185
2284,1184
2285,1188
2286,1188
2287,1191
2288,1189
2289,1196
2290,1199
2291,1199
2292,1196
2293,1199
2294,1199
2295,1205
2296,1206
2297,1204
2298,1208
2299,1211
2300,1212
2301,1212
2302,1214
2303,1215
2304,1219
2305,1219
2306,1227
2307,1223
2308,1225
2309,1222
2310,1228
2311,1228
2312,1232
2313,1234
2314,1228
2315,1235
2316,1235
2317,1238
2318,1236
2319,1244
2320,1248
2321,1244
2322,1247
2323,1242
2324,1250
2325,1248
2326,1251
2327,1252
2328,1255
2329,1256
2330,1258
2331,1256
2332,1260
2333,1262
2334,1266
2335,1260
2336,1264
2337,1266
2338,1266
2339,1268
2340,1269
2341,1272
2342,1270
2343,1277
2344,1276
2345,1277
2346,1275
2347,1279
2348,1283
2349,1286
2350,1278
2351,1288
2352,1288
2353,1289
2354,1287
2355,1284
2356,1291
2357,1289
2358,1292
2359,1296
2360,1298
2361,1295
2362,1296
2363,1300
2364,1296
2365,1299
2366,1302
2367,1301
2368,1307
2369,1306
2370,1303
2371,1306
2372,1306
2373,1306
2374,1307
2375,1307
2376,1309
2377,1308
2378,1307
2379,1309
2380,1315
2381,1316
2382,1315
2383,1317
2384,1315
2385,1324
2386,1315
2387,1317
2388,1322
2389,1319
2390,1321
2391,1323
2392,1321
2393,1320
2394,1328
2395,1324
2396,1325
2397,1330
2398,1325
2399,1325
2400,1326
2401,1326
2402,1324
2403,1331
2404,1333
2405,1332
2406,1333
2407,1332
2408,1331
2409,1328
2410,1335
2411,1335
2412,1338
2413,1332
2414,1333
2415,1335
2416,1339
2417,1333
2418,1335
2419,1336
2420,1344
2421,1338
2422,1337
2423,1338
2424,1339
2425,1339
2426,1341
2427,1336
2428,1338
2429,1336
2430,1343
2431,1341
2432,1338
2433,1341
2434,1341
2435,1339
2436,1340
2437,1341
2438,1342
2439,1340
2440,1345
2441,1343
2442,1341
2443,1342
2444,1337
2445,1338
2446,1343
2447,1340
2448,1346
2449,1347
2450,1344
2451,1344
2452,1346
2453,1339
2454,1347
2455,1338
2456,1346
2457,1340
2458,1336
2459,1343
2460,1345
2461,1344
2462,1341
2463,1344
2464,1342
2465,1342
2466,1343
2467,1340
2468,1336
2469,1338
2470,1337
2471,1335
2472,1335
2473,1338
2474,1337
2475,1339
2476,1341
2477,1339
2478,1333
2479,1328
2480,1337
2481,1337
2482,1331
2483,1336
2484,1331
2485,1331
2486,1332
2487,1332
2488,1332
2489,1334
2490,1327
2491,1324
2492,1326
2493,1330
2494,1325
2495,1329
2496,1327
2497,1328
2498,1325
2499,1324
2500,1325
2501,1323
2502,1322
2503,1325
2504,1324
2505,1321
2506,1319
2507,1316
2508,1316
2509,1320
2510,1317
2511,1312
2512,1318
2513,1316
2514,1315
2515,1317
2516,1321
2517,1306
2518,1308
2519,1309
2520,1311
2521,1307
2522,1308
2523,1307
2524,1305
2525,1306
2526,1302
2527,1303
2528,1301
2529,1301
2530,1300
2531,1300
2532,1293
2533,1296
2534,1290
2535,1296
2536,1290
2537,1294
2538,1290
2539,1292
2540,1288
2541,1291
2542,1284
2543,1285
2544,1286
2545,1283
2546,1288
2547,1281
2548,1280
2549,1279
2550,1276
2551,1277
2552,1275
2553,1273
2554,1269
2555,1271
2556,1268
2557,1266
2558,1268
2559,1265
2560,1267
2561,1267
2562,1264
2563,1257
2564,1264
2565,1256
2566,1255
2567,1258
2568,1257
2569,1247
2570,1252
2571,1254
2572,1253
2573,1251
2574,1247
2575,1241
2576,1238
2577,1243
2578,1241
2579,1238
2580,1233
2581,1232
2582,1234
2583,1231
2584,1232
2585,1231
2586,1229
2587,1228
2588,1227
2589,1226
2590,1222
2591,1224
2592,1218
2593,1215
2594,1213
2595,1213
2596,1211
2597,1210
2598,1203
2599,1204
2600,1205
2601,1200
2602,1206
2603,1196
2604,1196
2605,1199
2606,1200
2607,1192
2608,1197
2609,1190
2610,1188
2611,1184
2612,1182
2613,1186
2614,1181
2615,1179
2616,1175
2617,1171
2618,1173
2619,1171
2620,1170
2621,1173
2622,1173
2623,1166
2624,1161
2625,1165
2626,1164
2627,1162
2628,1156
2629,1154
2630,1154
2631,1151
2632,1148
2633,1144
2634,1145
2635,1138
2636,1140
2637,1139
2638,1139
2639,1136
2640,1139
2641,1127
2642,1126
2643,1125
2644,1127
2645,1128
2646,1121
2647,1123
2648,1119
2649,1115
2650,1116
2651,1115
2652,1106
2653,1112
2654,1106
2655,1107
2656,1104
2657,1104
2658,1103
2659,1098
2660,1094
2661,1093
2662,1090
2663,1089
2664,1089
2665,1087
2666,1083
2667,1081
2668,1078
2669,1082
2670,1077
2671,1076
2672,1072
2673,1070
2674,1069
2675,1063
2676,1062
2677,1059
2678,1058
2679,1053
2680,1056
2681,1054
2682,1053
2683,1050
2684,1045
2685,1046
2686,1047
2687,1041
2688,1039
2689,1042
2690,1034
2691,1034
2692,1036
2693,1031
2694,1029
2695,1023
2696,1024
2697,1024
2698,1019
2699,1017
2700,1018
2701,1011
2702,1012
2703,1010
2704,1010
2705,1005
2706,1004
2707,1000
2708,1004
2709,995
2710,994
2711,993
2712,996
2713,990
2714,986
2715,987
2716,980
2717,978
2718,976
2719,974
2720,974
2721,973
2722,974
2723,970
2724,971
2725,968
2726,967
2727,961
2728,959
2729,964
2730,956
2731,954
2732,948
2733,953
2734,949
2735,944
2736,946
2737,941
2738,940
2739,940
2740,933
2741,940
2742,935
2743,925
2744,932
2745,928
2746,926
2747,926
2748,921
2749,920
2750,917
2751,917
2752,914
2753,916
2754,912
2755,910
2756,912
2757,908
2758,904
2759,903
2760,901
2761,897
2762,899
2763,895
2764,893
2765,892
2766,893
2767,887
2768,888
2769,887
2770,883
2771,882
2772,877
2773,875
2774,876
2775,873
2776,871
2777,875
2778,867
2779,866
2780,867
2781,866
2782,869
2783,858
2784,860
2785,859
2786,857
2787,858
2788,854
2789,853
2790,848
2791,845
2792,845
2793,844
2794,842
2795,840
2796,838
2797,838
2798,836
2799,832
2800,838
2801,831
2802,830
2803,829
2804,826
2805,825
2806,832
2807,823
2808,819
2809,818
2810,818
2811,819
2812,814
2813,812
2814,811
2815,814
2816,806
2817,808
2818,806
2819,804
2820,799
2821,801
2822,794
2823,797
2824,794
2825,792
2826,794
2827,790
2828,792
2829,790
2830,787
2831,794
2832,783
2833,780
2834,786
2835,780
2836,780
2837,786
2838,779
2839,774
2840,779
2841,771
2842,773
2843,770
2844,767
2845,765
2846,768
2847,768
2848,766
2849,764
2850,762
2851,763
2852,760
2853,759
2854,756
2855,759
2856,756
2857,753
2858,754
2859,752
2860,750
2861,753
2862,751
2863,752
2864,746
2865,746
2866,744
2867,740
2868,742
2869,738
2870,741
2871,743
2872,737
2873,741
2874,739
2875,736
2876,738
2877,742
2878,734
2879,730
2880,728
2881,732
2882,732
2883,729
2884,729
2885,736
2886,725
2887,728
2888,726
2889,728
2890,727
2891,720
2892,730
2893,729
2894,723
2895,722
2896,720
2897,721
2898,717
2899,722
2900,716
2901,719
2902,718
2903,714
2904,717
2905,712
2906,721
2907,715
2908,714
2909,718
2910,711
2911,712
2912,716
2913,713
2914,713
2915,708
2916,708
2917,709
2918,715
2919,711
2920,707
2921,710
2922,710
2923,708
2924,711
2925,702
2926,711
2927,705
2928,704
2929,705
2930,707
2931,706
2932,706
2933,702
2934,704
2935,706
2936,706
2937,706
2938,704
2939,709
2940,708
2941,710
2942,702
2943,704
2944,704
2945,704
2946,706
2947,702
2948,708
2949,705
2950,702
2951,706
2952,709
2953,705
2954,705
2955,706
2956,709
2957,704
2958,709
2959,702
2960,707
2961,706
2962,706
2963,702
2964,708
2965,708
2966,706
2967,710
2968,708
2969,710
2970,709
2971,709
2972,705
2973,710
2974,710
2975,710
2976,710
2977,711
2978,715
2979,712
2980,712
2981,713
2982,709
2983,712
2984,714
2985,715
2986,716
2987,714
2988,717
2989,718
2990,716
2991,719
2992,723
2993,721
2994,719
2995,721
2996,723
2997,719
2998,724
2999,722
3000,724
3001,721
3002,728
3003,721
3004,725
3005,724
3006,724
3007,729
3008,725
3009,729
3010,733
3011,731
3012,732
3013,735
3014,734
3015,741
3016,736
3017,739
3018,733
3019,737
3020,739
3021,739
3022,742
3023,742
3024,745
3025,744
3026,745
3027,745
3028,746
3029,748
3030,750
3031,746
3032,750
3033,754
3034,751
3035,754
3036,756
3037,759
3038,760
3039,756
3040,759
3041,762
3042,765
3043,760
3044,767
3045,768
3046,766
3047,768
3048,769
3049,769
3050,770
3051,777
3052,778
3053,777
3054,773
3055,770
3056,779
3057,780
3058,779
3059,782
3060,783
3061,786
3062,788
3063,790
3064,786
3065,789
3066,794
3067,793
3068,792
3069,791
3070,798
3071,800
3072,798
3073,803
3074,805
3075,807
3076,807
3077,809
3078,810
3079,815
3080,814
3081,814
3082,818
3083,818
3084,820
3085,826
3086,823
3087,818
3088,830
3089,828
3090,827
3091,833
3092,830
3093,829
3094,833
3095,835
3096,840
3097,842
3098,842
3099,848
3100,845
3101,846
3102,849
3103,846
3104,849
3105,854
3106,854
3107,855
3108,860
3109,859
3110,861
3111,862
3112,869
3113,870
3114,870
3115,876
3116,866
3117,875
3118,874
3119,877
3120,879
3121,880
3122,884
3123,886
3124,888
3125,888
3126,889
3127,891
3128,897
3129,890
3130,898
3131,904
3132,903
3133,901
3134,906
3135,905
3136,908
3137,910
3138,918
3139,912
3140,918
3141,918
3142,918
3143,923
3144,924
3145,925
3146,927
3147,935
3148,930
3149,936
3150,937
3151,938
3152,939
3153,942
3154,942
3155,947
3156,948
3157,945
3158,951
3159,952
3160,955
3161,962
3162,962
3163,964
3164,963
3165,961
3166,964
3167,970
3168,972
3169,973
3170,971
3171,979
3172,977
3173,983
3174,988
3175,983
3176,983
3177,987
3178,985
3179,991
3180,996
3181,998
3182,999
3183,1004
3184,1003
3185,1008
3186,1009
3187,1009
3188,1009
3189,1011
3190,1016
3191,1017
3192,1021
3193,1020
3194,1024
3195,1025
3196,1028
3197,1029
3198,1028
3199,1036
3200,1039
3201,1037
3202,1042
3203,1040
3204,1047
3205,1043
3206,1048
3207,1051
3208,1051
3209,1052
3210,1059
3211,1057
3212,1059
3213,1062
3214,1069
3215,1063
3216,1069
3217,1071
3218,1074
3219,1074
3220,1079
3221,1078
3222,1080
3223,1082
3224,1081
3225,1082
3226,1085
3227,1089
3228,1094
3229,1093
3230,1096
3231,1097
3232,1098
3233,1100
3234,1105
3235,1104
3236,1104
3237,1111
3238,1110
3239,1117
3240,1114
3241,1113
3242,1113
3243,1121
3244,1120
3245,1122
3246,1125
3247,1126
3248,1131
3249,1128
3250,1133
3251,1134
3252,1136
3253,1138
3254,1139
3255,1139
3256,1141
3257,1147
3258,1152
3259,1146
3260,1151
3261,1152
3262,1154
3263,1152
3264,1157
3265,1157
3266,1160
3267,1163
3268,1163
3269,1172
3270,1168
3271,1168
3272,1172
3273,1176
3274,1178
3275,1173
3276,1178
3277,1180
3278,1188
3279,1186
3280,1181
3281,1188
3282,1189
3283,1188
3284,1193
3285,1190
3286,1194
3287,1197
3288,1198
3289,1200
3290,1199
3291,1204
3292,1205
3293,1207
3294,1207
3295,1205
3296,1212
3297,1214
3298,1216
3299,1221
3300,1220
3301,1220
3302,1221
3303,1222
3304,1227
3305,1229
3306,1229
3307,1227
3308,1233
3309,1234
3310,1232
3311,1236
3312,1235
3313,1234
3314,1238
3315,1243
3316,1245
3317,1245
3318,1248
3319,1250
3320,1248
3321,1251
3322,1250
3323,1255
3324,1257
3325,1261
3326,1259
3327,1258
3328,1261
3329,1267
3330,1263
3331,1266
3332,1267
3333,1272
3334,1269
3335,1270
3336,1270
3337,1274
3338,1273
3339,1278
3340,1274
3341,1278
3342,1273
3343,1280
3344,1282
3345,1284
3346,1292
3347,1287
3348,1286
3349,1288
3350,1286
3351,1290
3352,1290
3353,1291
3354,1292
3355,1295
3356,1294
3357,1297
3358,1298
3359,1294
3360,1305
3361,1302
3362,1300
3363,1306
3364,1303
3365,1304
3366,1310
3367,1307
3368,1305
3369,1309
3370,1312
3371,1309
3372,1315
3373,1314
3374,1314
3375,1314
3376,1316
3377,1320
3378,1319
3379,1315
3380,1321
3381,1316
3382,1323
3383,1323
3384,1322
3385,1323
3386,1325
3387,1324
3388,1327
3389,1328
3390,1330
3391,1328
3392,1327
3393,1330
3394,1330
3395,1329
3396,1332
3397,1331
3398,1333
3399,1332
3400,1329
3401,1333
3402,1335
3403,1335
3404,1332
3405,1333
3406,1340
3407,1338
3408,1335
3409,1331
3410,1337
3411,1336
3412,1339
3413,1337
3414,1341
3415,1338
3416,1339
3417,1341
3418,1339
3419,1342
3420,1346
3421,1341
3422,1341
3423,1344
3424,1345
3425,1342
3426,1344
3427,1351
3428,1344
3429,1346
3430,1344
3431,1345
3432,1339
3433,1345
3434,1348
3435,1345
3436,1345
3437,1352
3438,1345
3439,1347
3440,1346
3441,1349
3442,1350
3443,1347
3444,1345
3445,1345
3446,1349
3447,1347
3448,1348
3449,1346
3450,1345
3451,1349
3452,1348
3453,1346
3454,1348
3455,1342
3456,1351
3457,1349
3458,1344
3459,1348
3460,1347
3461,1346
3462,1344
3463,1345
3464,1345
3465,1348
3466,1347
3467,1346
3468,1343
3469,1346
3470,1344
3471,1343
3472,1342
3473,1350
3474,1339
3475,1344
3476,1338
3477,1342
3478,1340
3479,1344
3480,1344
3481,1339
3482,1342
3483,1334
3484,1342
3485,1339
3486,1342
3487,1336
3488,1330
3489,1337
3490,1338
3491,1336
3492,1336
3493,1337
3494,1335
3495,1331
3496,1328
3497,1327
3498,1329
3499,1332
3500,1329
3501,1329
3502,1331
3503,1328
3504,1327
3505,1329
3506,1326
3507,1327
3508,1325
3509,1323
3510,1324
3511,1320
3512,1321
3513,1315
3514,1318
3515,1323
3516,1320
3517,1314
3518,1317
3519,1315
3520,1318
3521,1314
3522,1320
3523,1312
3524,1310
3525,1311
3526,1311
3527,1307
3528,1308
3529,1303
3530,1306
3531,1299
3532,1302
3533,1298
3534,1295
3535,1297
3536,1305
3537,1299
3538,1296
3539,1297
3540,1294
3541,1295
3542,1291
3543,1291
3544,1285
3545,1292
3546,1282
3547,1283
3548,1289
3549,1289
3550,1282
3551,1284
3552,1282
3553,1274
3554,1277
3555,1278
3556,1275
3557,1274
3558,1271
3559,1269
3560,1271
3561,1270
3562,1268
3563,1264
3564,1263
3565,1262
3566,1261
3567,1260
3568,1258
3569,1260
3570,1257
3571,1252
3572,1251
3573,1245
3574,1249
3575,1247
3576,1248
3577,1243
3578,1245
3579,1248
3580,1241
3581,1240
3582,1237
3583,1234
3584,1234
3585,1239
3586,1232
3587,1228
3588,1227
3589,1227
3590,1227
3591,1225
3592,1221
3593,1214
3594,1219
3595,1219
3596,1218
3597,1214
3598,1216
3599,1210
3600,1209
3601,1203
3602,1210
3603,1202
3604,1205
3605,1209
3606,1198
3607,1198
3608,1200
3609,1193
3610,1192
3611,1191
3612,1188
3613,1187
3614,1186
3615,1186
3616,1182
3617,1185
3618,1175
3619,1172
3620,1173
3621,1168
3622,1166
3623,1167
3624,1169
3625,1169
3626,1158
3627,1156
3628,1160
3629,1154
3630,1160
3631,1151
3632,1154
3633,1150
3634,1150
3635,1144
3636,1147
3637,1139
3638,1142
3639,1143
3640,1140
3641,1138
3642,1135
3643,1133
3644,1133
3645,1130
3646,1128
3647,1124
3648,1121
3649,1122
3650,1120
3651,1118
3652,1111
3653,1112
3654,1110
3655,1110
3656,1106
3657,1105
3658,1102
3659,1108
3660,1100
3661,1097
3662,1095
3663,1095
3664,1088
3665,1090
3666,1086
3667,1085
3668,1085
3669,1081
3670,1080
3671,1075
3672,1081
3673,1071
3674,1072
3675,1070
3676,1066
3677,1067
3678,1066
3679,1062
3680,1061
3681,1057
3682,1059
3683,1051
3684,1052
3685,1050
3686,1045
3687,1045
3688,1046
3689,1044
3690,1036
3691,1036
3692,1036
3693,1033
3694,1032
3695,1034
3696,1027
3697,1024
3698,1020
3699,1019
3700,1019
3701,1017
3702,1014
3703,1014
3704,1010
3705,1009
3706,1005
3707,1003
3708,1002
3709,996
3710,998
3711,997
3712,996
3713,991
3714,992
3715,989
3716,988
3717,985
3718,982
3719,979
3720,977
3721,979
3722,976
3723,974
3724,970
3725,969
3726,968
3727,964
3728,967
3729,964
3730,960
3731,956
3732,953
3733,953
3734,952
3735,954
3736,947
3737,948
3738,944
3739,941
3740,937
3741,938
3742,939
3743,935
3744,935
3745,936
3746,928
3747,927
3748,926
3749,923
3750,925
3751,923
3752,918
3753,913
3754,917
3755,915
3756,913
3757,911
3758,905
3759,909
3760,907
3761,903
3762,899
3763,897
3764,898
3765,896
3766,891
3767,895
3768,886
3769,884
3770,882
3771,880
3772,883
3773,881
3774,881
3775,877
3776,875
3777,878
3778,872
3779,868
3780,868
3781,868
3782,866
3783,863
3784,862
3785,864
3786,859
3787,855
3788,855
3789,854
3790,853
3791,851
3792,850
3793,842
3794,850
3795,844
3796,840
3797,839
3798,836
3799,841
3800,837
3801,834
3802,831
3803,829
3804,832
3805,829
3806,821
3807,824
3808,823
3809,816
3810,822
3811,820
3812,818
3813,815
3814,814
3815,811
3816,813
3817,808
3818,808
3819,808
3820,811
3821,804
3822,802
3823,800
3824,794
3825,797
3826,795
3827,790
3828,793
3829,794
3830,787
3831,788
3832,788
3833,785
3834,785
3835,784
3836,783
3837,780
3838,782
3839,777
3840,776
3841,777
3842,776
3843,776
3844,768
3845,771
3846,765
3847,767
3848,763
3849,771
3850,764
3851,767
3852,758
3853,765
3854,761
3855,760
3856,760
3857,755
3858,751
3859,756
3860,754
3861,753
3862,748
3863,747
3864,753
3865,750
3866,750
3867,750
3868,746
3869,746
3870,744
3871,745
3872,742
3873,740
3874,741
3875,739
3876,739
3877,738
3878,736
3879,736
3880,739
3881,737
3882,732
3883,740
3884,734
3885,731
3886,736
3887,729
3888,729
3889,732
3890,726
3891,728
3892,722
3893,725
3894,725
3895,725
3896,727
3897,722
3898,725
3899,720
3900,718
3901,720
3902,720
3903,718
3904,715
3905,723
3906,714
3907,720
3908,717
3909,718
3910,716
3911,720
3912,713
3913,718
3914,714
3915,713
3916,712
3917,713
3918,713
3919,713
3920,714
3921,713
3922,712
3923,711
3924,709
3925,710
3926,709
3927,707
3928,714
3929,710
3930,709
3931,708
3932,705
3933,708
3934,707
3935,705
3936,703
3937,707
3938,709
3939,708
3940,707
3941,706
3942,705
3943,707
3944,703
3945,707
3946,712
3947,706
3948,707
3949,710
3950,707
3951,700
3952,706
3953,710
3954,704
3955,710
3956,711
3957,708
3958,706
3959,708
3960,708
3961,710
3962,707
3963,708
3964,714
3965,709
3966,711
3967,714
3968,711
3969,712
3970,711
3971,709
3972,704
3973,712
3974,715
3975,713
3976,713
3977,713
3978,708
3979,714
3980,711
3981,716
3982,717
3983,716
3984,718
3985,722
3986,712
3987,721
3988,717
3989,718
3990,716
3991,721
3992,721
3993,718
3994,725
3995,727
3996,722
3997,723
3998,726
3999,725
4000,726
4001,727
4002,726
4003,727
4004,732
4005,729
4006,729
4007,728
4008,731
4009,731
4010,734
4011,730
4012,732
4013,738
4014,736
4015,737
4016,739
4017,738
4018,738
4019,738
4020,743
4021,740
4022,743
4023,744
4024,743
4025,745
4026,747
4027,748
4028,744
4029,748
4030,752
4031,750
4032,760
4033,755
4034,756
4035,753
4036,756
4037,759
4038,760
4039,760
4040,762
4041,762
4042,765
4043,771
4044,765
4045,770
4046,768
4047,774
4048,770
4049,772
4050,772
4051,774
4052,775
4053,776
4054,781
4055,778
4056,779
4057,777
4058,790
4059,785
4060,787
4061,788
4062,786
4063,787
4064,788
4065,789
4066,798
4067,800
4068,801
4069,794
4070,798
4071,802
4072,804
4073,804
4074,806
4075,802
4076,811
4077,812
4078,811
4079,809
4080,810
4081,814
4082,815
4083,817
4084,817
4085,821
4086,824
4087,826
4088,827
4089,828
4090,830
4091,829
4092,833
4093,832
4094,839
4095,838
4096,840
4097,842
4098,840
4099,846
4100,843
4101,849
4102,848
4103,850
4104,852
4105,853
4106,856
4107,860
4108,864
4109,864
4110,864
4111,861
4112,863
4113,869
4114,871
4115,871
4116,878
4117,875
4118,876
4119,880
4120,883
4121,883
4122,883
4123,888
4124,886
4125,891
4126,890
4127,893
4128,895
4129,899
4130,901
4131,899
4132,898
4133,906
4134,902
4135,907
4136,911
4137,916
4138,915
4139,921
4140,918
4141,918
4142,921
4143,923
4144,922
4145,926
4146,925
4147,930
4148,935
4149,938
4150,941
4151,942
4152,938
4153,946
4154,945
4155,946
4156,949
4157,950
4158,955
4159,954
4160,954
4161,957
4162,963
4163,968
4164,965
4165,971
4166,969
4167,972
4168,976
4169,976
4170,978
4171,979
4172,982
4173,984
4174,984
4175,987
4176,992
4177,994
4178,991
4179,992
4180,997
4181,999
4182,1004
4183,1002
4184,1005
4185,1003
4186,1009
4187,1010
4188,1011
4189,1013
4190,1017
4191,1018
4192,1024
4193,1022
4194,1028
4195,1025
4196,1030
4197,1031
4198,1038
4199,1038
4200,1036
4201,1042
4202,1044
4203,1042
4204,1048
4205,1047
4206,1049
4207,1051
4208,1056
4209,1052
4210,1060
4211,1059
4212,1059
4213,1060
4214,1063
4215,1066
4216,1066
4217,1072
4218,1071
4219,1077
4220,1077
4221,1083
4222,1082
4223,1083
4224,1085
4225,1088
4226,1089
4227,1091
4228,1097
4229,1097
4230,1098
4231,1102
4232,1104
4233,1101
4234,1103
4235,1104
4236,1111
4237,1109
4238,1111
4239,1114
4240,1121
4241,1116
4242,1120
4243,1118
4244,1123
4245,1124
4246,1128
4247,1126
4248,1129
4249,1133
4250,1132
4251,1134
4252,1137
4253,1134
4254,1141
4255,1146
4256,1146
4257,1145
4258,1144
4259,1149
4260,1152
4261,1156
4262,1155
4263,1152
4264,1157
4265,1158
4266,1160
4267,1168
4268,1167
4269,1166
4270,1169
4271,1172
4272,1173
4273,1177
4274,1176
4275,1180
4276,1184
4277,1181
4278,1182
4279,1181
4280,1188
4281,1189
4282,1193
4283,1191
4284,1201
4285,1196
4286,1197
4287,1198
4288,1204
4289,1201
4290,1201
4291,1205
4292,1205
4293,1210
4294,1209
4295,1216
4296,1212
4297,1212
4298,1219
4299,1216
4300,1223
4301,1222
4302,1224
4303,1224
4304,1227
4305,1228
4306,1229
4307,1232
4308,1236
4309,1236
4310,1239
4311,1234
4312,1240
4313,1243
4314,1245
4315,1242
4316,1245
4317,1248
4318,1253
4319,1254
4320,1257
4321,1251
4322,1248
4323,1254
4324,1259
4325,1255
4326,1258
4327,1260
4328,1261
4329,1267
4330,1261
4331,1268
4332,1265
4333,1269
4334,1269
4335,1274
4336,1276
4337,1270
4338,1272
4339,1278
4340,1281
4341,1278
4342,1281
4343,1282
4344,1288
4345,1284
4346,1287
4347,1288
4348,1285
4349,1288
4350,1290
4351,1290
4352,1292
4353,1298
4354,1296
4355,1298
4356,1301
4357,1293
4358,1301
4359,1300
4360,1303
4361,1304
4362,1305
4363,1307
4364,1301
4365,1307
4366,1308
4367,1310
4368,1308
4369,1317
4370,1307
4371,1310
4372,1310
4373,1314
4374,1316
4375,1314
4376,1317
4377,1317
4378,1320
4379,1319
4380,1326
4381,1320
4382,1323
4383,1321
4384,1323
4385,1323
4386,1325
4387,1326
4388,1326
4389,1327
4390,1331
4391,1333
4392,1333
4393,1331
4394,1330
4395,1332
4396,1334
4397,1334
4398,1332
4399,1333
4400,1330
4401,1334
4402,1335
4403,1337
4404,1331
4405,1340
4406,1341
4407,1338
4408,1337
4409,1340
4410,1341
4411,1339
4412,1341
4413,1342
4414,1340
4415,1344
4416,1337
4417,1345
4418,1339
4419,1344
4420,1344
4421,1343
4422,1344
4423,1346
4424,1345
4425,1346
4426,1344
4427,1345
4428,1357
4429,1349
4430,1349
4431,1346
4432,1347
4433,1350
4434,1348
4435,1347
4436,1349
4437,1349
4438,1350
4439,1348
4440,1348
4441,1350
4442,1347
4443,1354
4444,1348
4445,1351
4446,1350
4447,1352
4448,1349
4449,1344
4450,1347
4451,1347
4452,1347
4453,1349
4454,1347
4455,1350
4456,1346
4457,1344
4458,1347
4459,1348
4460,1347
4461,1350
4462,1348
4463,1349
4464,1347
4465,1348
4466,1349
4467,1349
4468,1346
4469,1346
4470,1346
4471,1345
4472,1343
4473,1349
4474,1343
4475,1342
4476,1340
4477,1342
4478,1341
4479,1339
4480,1348
4481,1341
4482,1342
4483,1343
4484,1341
4485,1338
4486,1338
4487,1344
4488,1342
4489,1339
4490,1340
4491,1334
4492,1339
4493,1339
4494,1340
4495,1337
4496,1329
4497,1332
4498,1333
4499,1332
4500,1336
4501,1329
4502,1329
4503,1330
4504,1327
4505,1328
4506,1324
4507,1324
4508,1325
4509,1322
4510,1329
4511,1325
4512,1324
4513,1321
4514,1315
4515,1317
4516,1321
4517,1317
4518,1323
4519,1313
4520,1316
4521,1318
4522,1315
4523,1307
4524,1315
4525,1315
4526,1309
4527,1309
4528,1308
4529,1313
4530,1304
4531,1304
4532,1301
4533,1299
4534,1303
4535,1305
4536,1302
4537,1300
4538,1298
4539,1298
4540,1297
4541,1295
4542,1294
4543,1286
4544,1291
4545,1287
4546,1293
4547,1284
4548,1289
4549,1284
4550,1283
4551,1282
4552,1280
4553,1282
4554,1280
4555,1272
4556,1274
4557,1275
4558,1274
4559,1271
4560,1267
4561,1270
4562,1269
4563,1265
4564,1264
4565,1267
4566,1262
4567,1262
4568,1258
4569,1255
4570,1254
4571,1250
4572,1255
4573,1252
4574,1253
4575,1251
4576,1251
4577,1246
4578,1250
4579,1249
4580,1243
4581,1241
4582,1240
4583,1237
4584,1237
4585,1240
4586,1229
4587,1232
4588,1233
4589,1232
4590,1221
4591,1224
4592,1223
4593,1216
4594,1220
4595,1215
4596,1213
4597,1217
4598,1215
4599,1213
4600,1216
4601,1208
4602,1207
4603,1203
4604,1203
4605,1206
4606,1204
4607,1196
4608,1197
4609,1196
4610,1197
4611,1191
4612,1195
4613,1187
4614,1188
4615,1182
4616,1188
4617,1181
4618,1177
4619,1173
4620,1175
4621,1173
4622,1172
4623,1168
4624,1167
4625,1168
4626,1163
4627,1162
4628,1164
4629,1159
4630,1152
4631,1155
4632,1151
4633,1152
4634,1150
4635,1146
4636,1151
4637,1151
4638,1138
4639,1140
4640,1142
4641,1137
4642,1134
4643,1135
4644,1135
4645,1133
4646,1137
4647,1123
4648,1121
4649,1119
4650,1123
4651,1116
4652,1115
4653,1116
4654,1110
4655,1110
4656,1107
4657,1105
4658,1104
4659,1108
4660,1098
4661,1099
4662,1096
4663,1094
4664,1091
4665,1092
4666,1091
4667,1088
4668,1088
4669,1080
4670,1079
4671,1079
4672,1072
4673,1070
4674,1076
4675,1072
4676,1067
4677,1068
4678,1064
4679,1061
4680,1056
4681,1055
4682,1057
4683,1052
4684,1053
4685,1050
4686,1053
4687,1056
4688,1046
4689,1041
4690,1043
4691,1038
4692,1038
4693,1041
4694,1032
4695,1028
4696,1028
4697,1026
4698,1021
4699,1019
4700,1020
4701,1020
4702,1014
4703,1013
4704,1013
4705,1005
4706,1005
4707,1009
4708,1005
4709,1002
4710,1000
4711,994
4712,996
4713,995
4714,991
4715,992
4716,987
4717,987
4718,983
4719,982
4720,981
4721,977
4722,972
4723,975
4724,973
4725,976
4726,970
4727,963
4728,965
4729,961
4730,963
4731,960
4732,956
4733,954
4734,955
4735,951
4736,948
4737,947
4738,945
4739,946
4740,942
4741,939
4742,935
4743,932
4744,932
4745,931
4746,930
4747,930
4748,926
4749,925
4750,922
4751,919
4752,920
4753,917
4754,914
4755,913
4756,912
4757,909
4758,908
4759,905
4760,903
4761,902
4762,901
4763,897
4764,893
4765,896
4766,891
4767,895
4768,887
4769,890
4770,889
4771,886
4772,882
4773,882
4774,881
4775,877
4776,869
4777,870
4778,872
4779,872
4780,871
4781,870
4782,865
4783,864
4784,863
4785,859
4786,859
4787,858
4788,853
4789,854
4790,848
4791,851
4792,852
4793,846
4794,842
4795,846
4796,842
4797,841
4798,841
4799,836
4800,836
4801,836
4802,832
4803,833
4804,829
4805,825
4806,825
4807,825
4808,818
4809,821
4810,817
4811,818
4812,816
4813,812
4814,816
4815,811
4816,810
4817,808
4818,808
4819,805
4820,805
4821,806
4822,803
4823,798
4824,800
4825,797
4826,796
4827,795
4828,796
4829,791
4830,787
4831,790
4832,789
4833,787
4834,786
4835,783
4836,782
4837,784
4838,776
4839,777
4840,777
4841,771
4842,776
4843,775
4844,772
4845,777
4846,772
4847,770
4848,765
4849,767
4850,765
4851,764
4852,765
4853,763
4854,758
4855,763
4856,760
4857,762
4858,758
4859,753
4860,755
4861,751
4862,747
4863,752
4864,755
4865,749
4866,746
4867,753
4868,751
4869,743
4870,746
4871,741
4872,745
4873,743
4874,746
4875,740
4876,741
4877,739
4878,739
4879,736
4880,735
4881,737
4882,735
4883,733
4884,728
4885,730
4886,731
4887,728
4888,733
4889,732
4890,726
4891,725
4892,728
4893,722
4894,725
4895,720
4896,727
4897,718
4898,722
4899,720
4900,721
4901,716
4902,724
4903,723
4904,714
4905,720
4906,719
4907,718
4908,720
4909,716
4910,717
4911,713
4912,717
4913,714
4914,713
4915,711
4916,722
4917,711
4918,708
4919,709
4920,714
4921,712
4922,710
4923,712
4924,713
4925,710
4926,706
4927,711
4928,709
4929,711
4930,712
4931,714
4932,705
4933,709
4934,710
4935,709
4936,708
4937,708
4938,708
4939,707
4940,709
4941,711
4942,709
4943,704
4944,704
4945,711
4946,703
4947,705
4948,707
4949,709
4950,713
4951,708
4952,706
4953,709
4954,711
4955,713
4956,709
4957,709
4958,712
4959,709
4960,710
4961,711
4962,709
4963,711
4964,706
4965,709
4966,712
4967,714
4968,706
4969,712
4970,711
4971,713
4972,716
4973,716
4974,713
4975,713
4976,713
4977,714
4978,713
4979,714
4980,714
4981,715
4982,717
4983,716
4984,713
4985,717
4986,718
4987,719
4988,719
4989,719
4990,720
4991,720
4992,718
4993,724
4994,726
4995,731
4996,720
4997,723
4998,726
4999,728
